{
  "applications": {
    "applications": [
      {
        "applicationFolder": "C:\\Program Files (x86)\\Steam\\steamapps\\common\\Baldurs Gate 3\\",
        "applicationId": "50b7e0a2-0cd2-471f-a157-cbf14b0d56a3",
        "applicationPath": "C:\\Program Files (x86)\\Steam\\steamapps\\common\\Baldurs Gate 3\\",
        "categoryColors": [
          {
            "hex": "#ff0000",
            "tag": "Action"
          },
          {
            "hex": "#0091ff",
            "tag": "Camera"
          },
          {
            "hex": "#11ff00",
            "tag": "Controls"
          }
        ],
        "commands": [
          {
            "cardId": "bd1fc5d6-009e-4678-a7d0-5b6f02bf060a",
            "category": "Action",
            "name": "Climbing Toggle"
          },
          {
            "cardId": "bfa777e3-69a0-4304-993c-f26f75584035",
            "category": "Action",
            "name": "Cycle Characters Next"
          },
          {
            "cardId": "348e6024-dc1a-4d85-9154-f7fd9477dda1",
            "category": "Controls",
            "name": "UI Hot Bar Next"
          },
          {
            "cardId": "704697b6-8db4-4597-93cf-5af372901c99",
            "category": "Controls",
            "name": "UI Hot Bar Prev"
          }
        ],
        "databaseId": "50b7e0a2-0cd2-471f-a157-cbf14b0d56a3",
        "isInstalled": true,
        "name": "Baldur's Gate 3",
        "posterUrl": "http://127.0.0.1:9180/core/applications/baldurs_gate_3_poster.jpg",
        "profileUrl": "http://127.0.0.1:9180/core/applications/baldurs_gate_3_profile.jpg",
        "version": 1
      },
      {
        "applicationId": "420fd454-0c36-499d-bde4-146823b16147",
        "categoryColors": [
          {
            "hex": "#ff43ee",
            "tag": "Editing"
          },
          {
            "hex": "#eeff43",
            "tag": "Productivity"
          },
          {
            "hex": "#43eeff",
            "tag": "Windows"
          },
          {
            "hex": "#ff4390",
            "tag": "Navigation"
          }
        ],
        "commands": [
          {
            "cardId": "77ba2657-3610-4640-9626-c3831908a228",
            "category": "Editing",
            "name": "Cut"
          },
          {
            "cardId": "e45afebc-0426-465e-a1c2-b95c6e0337d3",
            "category": "Editing",
            "name": "Copy"
          }
        ],
        "databaseId": "420fd454-0c36-499d-bde4-146823b16147",
        "lastRunTime": "20210115T030033.232079",
        "name": "APPLICATION_NAME_DESKTOP",
        "version": 2
      },
      {
        "applicationFolder": "E:\\Games\\Battle.net Games\\Call of Duty Modern Warfare\\",
        "applicationId": "5469d183-04aa-47ae-8742-f3076fb6928a",
        "applicationPath": "E:\\Games\\Battle.net Games\\Call of Duty Modern Warfare\\",
        "commands": [],
        "databaseId": "5469d183-04aa-47ae-8742-f3076fb6928a",
        "isInstalled": true,
        "name": "Call of Duty: Modern Warfare 2019",
        "posterUrl": "http://127.0.0.1:9180/core/applications/call_of_duty_modern_warfare_2019_poster.jpg",
        "profileUrl": "http://127.0.0.1:9180/core/applications/call_of_duty_modern_warfare_2019_profile.jpg"
      }
    ]
  },
  "arx_control_authentication": {},
  "arx_control_service_guid": "{db6c169c-b647-495c-aaa5-770a1501d239}",
  "autostart": true,
  "battery/g502wireless/percentage": {
    "millivolts": 4206,
    "percentage": 100,
    "time": "2021-01-15T04:20:21Z"
  },
  "battery/g502wireless/warning": {
    "deviceId": "dev00000001",
    "level": "FULL",
    "percentage": 100,
    "time": "1610683706"
  },
  "blue_voice_advanced_controls_enabled": false,
  "brand": "Logitech",
  "cards": {},
  "crash_reporting": {
    "userPrompted": true,
    "versionNumber": "2020.03"
  },
  "dynamic_cards": {},
  "installed_integrations": [
    "3776b8da1238dc5",
    "9f1134cfb89202f3",
    "ae67192054b1d99f"
  ],
  "integration_manager_settings": {
    "allowLedSdk": true
  },
  "known_device_prefixes": {
    "values": [
      "g502wireless",
      "yetix"
    ]
  },
  "language": "en-US",
  "lighting_sleep": true,
  "lock_notifications_enabled": false,
  "low_battery_notifications_enabled": false,
  "migration_shown": false,
  "notifications_enabled": false,
  "onboarding_shown": true,
  "persistent": {},
  "persistent_features": {},
  "profiles": {
    "profiles": [
      {
        "activeForApplication": true,
        "applicationId": "420fd454-0c36-499d-bde4-146823b16147",
        "assignments": [
          {
            "cardId": "0f82f693-5b78-4cf5-867e-040c00000000",
            "slotId": "g502wireless_g10_m1"
          },
          {
            "cardId": "0f82f693-5b78-4cf5-867e-090700000000",
            "slotId": "g502wireless_g10_m1_shifted"
          },
          {
            "cardId": "0f82f693-5b78-4cf5-867e-040b00000000",
            "slotId": "g502wireless_g11_m1"
          }
        ],
        "id": "420fd454-0c36-499d-bde4-146823b16147",
        "lightingCard": "d009dc81-fe5a-4789-8cef-fdc989105c0e",
        "name": "PROFILE_NAME_DEFAULT",
        "syncLightingCard": "a696f1ed-497d-4099-850e-adf8d69b3265"
      },
      {
        "applicationFolder": "D:\\Games\\Steam Games\\steamapps\\common\\DOOM\\",
        "applicationId": "fe23e9c9-521b-4360-81e5-f6b518e0f441",
        "applicationPath": "D:\\Games\\Steam Games\\steamapps\\common\\DOOM\\",
        "commands": [
          {
            "cardId": "2166e5c9-fe43-4b48-be60-e8ecd54faf6d",
            "category": "Movement",
            "name": "Move Forward"
          },
          {
            "cardId": "48d1a365-aea6-4a2b-b6c6-2c741ede03de",
            "category": "Movement",
            "name": "Move Backward"
          },
          {
            "cardId": "829bface-4bec-4d1e-96a3-78c352a13f19",
            "category": "Movement",
            "name": "Crouch"
          }
        ],
        "databaseId": "fe23e9c9-521b-4360-81e5-f6b518e0f441",
        "isInstalled": true,
        "name": "DOOM",
        "posterUrl": "http://127.0.0.1:9180/core/applications/doom_2016_poster.png",
        "profileUrl": "http://127.0.0.1:9180/core/applications/doom_2016_profile.png",
        "version": 1
      },
      {
        "applicationFolder": "D:\\Games\\Steam Games\\steamapps\\common\\Horizon Zero Dawn\\",
        "applicationId": "6593f4f2-a593-4854-b4d4-9353f3b04719",
        "applicationPath": "D:\\Games\\Steam Games\\steamapps\\common\\Horizon Zero Dawn\\",
        "categoryColors": [
          {
            "hex": "#ff0000",
            "tag": "Combat"
          },
          {
            "hex": "#00ff40",
            "tag": "Game"
          },
          {
            "hex": "#ee00ff",
            "tag": "Menu"
          }
        ],
        "commands": [
          {
            "cardId": "d2d99c48-be43-45fc-bb0b-47960550b4ff",
            "category": "Combat",
            "name": "Fast Equip Weapon 1"
          },
          {
            "cardId": "bf70fc3e-bd44-4f4a-8d04-ec4722fbd1be",
            "category": "Combat",
            "name": "Fast Equip Weapon 2"
          },
          {
            "cardId": "90562133-dcb9-4c0c-96c7-26577fd5a796",
            "category": "Menu",
            "name": "Notebook"
          }
        ],
        "databaseId": "6593f4f2-a593-4854-b4d4-9353f3b04719",
        "isInstalled": true,
        "name": "Horizon Zero Dawn Complete Edition",
        "posterUrl": "http://127.0.0.1:9180/core/applications/horizon_zero_dawn_complete_edition_poster.jpg",
        "profileUrl": "http://127.0.0.1:9180/core/applications/horizon_zero_dawn_complete_edition_profile.jpg",
        "version": 1
      }
    ]
  },
  "release_notes_build_id": "73248",
  "seen_coach_marks": [
    "coach-mark-panel-persistent-lock",
    "coach-mark-microphone-input-gain",
    "coach-mark-microphone-recording",
    "coach-mark-microphone-enable-blue-voice",
    "coach-mark-microphone-select-preset",
    "coach-mark-microphone-advanced-settings"
  ]
}
